label,comment
1,差评。  饭是馊的！根本吃不下，再也不会点了！菜没问题，但是不可能不吃饭啊，被迫去买了方便面下菜.............
1,里面有虫子 太恶心了 吐死了
1,天，还有蚊子，份量太太太太少了，老大你这个好几十哦，全是西海椒和芹菜，老板这样做生意不好哦
1,把顾客当傻子了吧，这家店我经常买，现场买不是这个样子！因为是外卖顾客不能现场挑选，货物不满意也不能现场换，所以专门挑烂的给我是吧。西瓜大家看看钥匙放在现场你们会买么？还有蓝莓盒子上很多汁，还有一股酸臭味、坏的！好的蓝莓大家都知道是干燥的上面还有一层白白的东西，打开全是湿的。我买了两盒两盒都是这样。我晕，以后再也不在这家店买了。
1,花生吃了两颗都是坏的  品质不说了  花钱买糟心  希望其他人想好了买
1,太差了，还有蚊子在饭里面
1,本来已经漏了很多油就算了，没想到吃到一半吃出个蟑螂腿……艹真恶心人，再也不会点了
1,花甲一点都不新鲜   居然还有臭的   不能忍   第一次点外卖花甲有臭的    跟臭鸡蛋有的比   从来不给人差评的真的今天忍不了  商家自己看看恶不恶心   吃了好几个才看到  好怕拉肚子   扔垃圾桶里之后感觉我整个屋都臭了  
1,饭里面有虫子，而且鱼腥味很重，一点都不新鲜的感觉
1,第一次吃还挺好吃的，这次点了一个骨肉相连，结果那肉有点臭了
1,两个人吃完都拉肚子  再也不点你们家了
1,黑心商家，地沟油吃了拉肚子 配送也不到位 各位宝宝不要再上当
1,油不好 不卫生 难吃 量太少 ，菜里面还有钢丝球掉的东西，锅真的洗干净了吗？
1,不干净，打开后还有头发恶心，什么商家
1,#土豆片##藕片#都没有熟，你们这样送来我拉肚子吗，能不能什么都做熟了在发货
1,头发好几根，肥牛肉是臭的，我吃进了嘴里，简直丧尽天良，几十块钱打水漂了不说，我还饿着肚子，看着一盒发臭的盒饭，气晕了，我看了评价才来的，结果，评价里的人可能没有我这样的遭遇吧，头发我还能忍，肉是臭的，你让我怎么吃，哭晕在厕所。
1,送来的是冷冻的，而且没有筷子等用具。吃了一个怕拉肚子，直接扔了，再也不会买这家的东西，第一次买就是这样差，大失所望。
1,豆腐有异味 变味了
1,鱿鱼有股味儿，不晓得是太腥了还是臭了
1,除了点的凉粉能吃以外，其它太难吃，茄子一个酸臭味，烧白盐巴酱油不要钱，白肉一个腥臭味，备注说了米饭舀软一点的，全是夹生饭，也是一个酸臭味，包装可以！这是我吃过最难吃的小碗菜！
1,奥尔良鸡翅上面还有毛，这是我吃的最差的一次鸡翅
1,饭是馊的，你们打饭的时候闻不到吗？打电话给商家，商家说解决，结果就这么不了了之。。。是嘛，大老板卖得好也不差我们这几个顾客
1,牛肉炒刀削只得两片牛肉！有跟头发！差评
1,今天让我再勺皮里面吃到一块胶纸，真的恶心！
1,这次这个米饭真的是吃过有史以来最难吃的米饭。可能觉得成本原因买的那种特别差的米。老板开饭店米饭也是很重要的。吃起来夹生夹生的。真的说不出的口感。将就吃了点下去就胃疼。给你差评是希望商家可以看看意见。
1,不卫生，吃了拉肚子
1,这家店我自己去吃过好多次，还是第一次吃到这么难吃全是糊味，鸡还是馊的的情况。打电话给店家告诉她鸡是馊的她不承认，好吧那只能自认倒霉，结果马上又看到一坨兔子上绑着一条扯都扯不掉的红色线，十公分长，请问我是蚕吗？要吐丝？店家说退我十块钱，呵呵一顿不愉快的饭，图一剩下就是我们没在吃了，你觉得十块钱够补上这顿60的饭吗。
1,太难吃，再也不买了，想退钱，我最讨厌吃鸭肉，那个大肉串明显一股死鸭味，吃了一口全扔了，面筋第一次尝试比荤菜好吃，那个鸡翅也是冰冻蜜蜡鸡肉的味道，只有鱿鱼是新鲜的，不知道那么多好评是不是买的，现在那些冰冻串肉红色那种都一个味，真怕是死耗子肉
1,选大娘水饺就是看了有牌子卫生！我去，想问一句你这是哪年的水饺！今天一晚上都在拉肚子！
1,我一共叫了3份，我那份泡椒肉丝闻着有点酸，以为是泡椒的酸味，结果吃完下午拉肚子，以后再不会吃这家的，味道不怎么样。其他两份同事说味道也不行。
1,今天买的那个臭豆腐 真的有毒 我女朋友都拉肚子好几次了
1,这个粥全部都是水吗？一勺舀下去都是稀的，看着都恶心，像馊的，不及店里的三分之一，饺子三个，外卖没有筷子没有勺子没有碗，还收这么贵的配送费？三个菜100，美团第一差评送给你们。谢谢
1,吃了一个发霉的鸭爪，鸭骨架没问题，味道很好
1,尼玛第一次订单，吃了就拉肚子20几次，差点死了，尼玛这家店真不卫生，现在还在医院输液。
1,吃到虫了  厉害厉害
1,鱼太咸，鱼不新鲜有异味，差评
1,三文鱼不新鲜，肉质分层了，158元的大份三文鱼（35片）每片4.5元了，28.8元的小份三文鱼（9片）每片3.2元，158元至少是49片，大份少得可怜，不要说什么切大切小，你们每种分量我都点过，绝对没有下次了，太黑心！
1,想吃炸熟的苍蝇 可以点一下，掺在薯条里
1,说实话虾子确实可以，但是店家能不能在送货前检查一下食物是否坏掉#秘制辣卤鹅翅##辣卤鸭头#这两样东西打开后完全是酸臭了的！！！叫人怎么下口！！！！浪费钱不说，吃出问题才是大事！！！
1,一个小时前刚从他们店里点了大盘鸡盖面，然后吃出来了一只虫子，剩下的半碗全扔掉了，关键是店家的态度，太让人生气了，还不承认，还给我说是菜叶子，有见过长脚长眼睛的菜叶子吗？更何况我点的餐就没有菜，如果肯定是菜叶子，干嘛要急着销毁证据，把我的筷子抢过去扔垃圾桶，再说我又没眼瞎着，分不清菜叶还是虫子，这家店的卫生极其不达标，大家以后就餐还是注意点，这份餐是给送餐员点的，今天重庆下大雨，看他们好辛苦，就给他们点了两份饭，今天写出这个评价，是希望大家以后可以擦亮眼，不要让那些不干不净的东西影响了我们的身体健康
1,米线里面还有虫太不卫生了
1,我确实，吃个饭还能吃到钢丝，真的是醉了，再也不吃了
1,定餐到送达只花20分钟，提前半个小时送到，诧异烤串的速度！都是温热，里脊肉还没熟，签签牛肉上还夹带一根头发，少藕片，我也是醉了。经商量后，商家已退藕片和里脊肉的钱，尽管速度重要，但质量才是第一！尤其是吃进嘴里的食物。以前经常点你们家，觉得还是不错的，这次是换了老板吗？不愉快的一次点餐经历
1,点你家外卖好几次了，也推荐朋友了，这次肚子非常饥饿的时候点的，没想到送过来，鸡腿是臭的！太失望了，不小心吃了一块，担心一会还要拉肚子
1,说了辣一点辣一点 都不看的吗？不辣吃起很反胃 
1,打开就发现一根头发丝，所以扔了几块，其他的口味不错，包装都不错
1,老板 你自己看看 还有蚊子 
1,我的天！刚刚打开一只蟑螂从袋里爬到身上。。。。。我能说认真点行吗？还是你们家老顾客了。。有头发都不说了 这次太。。。
1,头发都在饭里，骑手还不耐烦
1,鱿鱼臭的，吃了拉肚子
1,螃蟹不新鲜…………
1,牛肉是坏的，臭的，不能吃，真郁闷
1,我居然吃到蟑螂了，我好他妈无语，送半天都送不来
1,#筒子骨约800g（默认宰断）#不想说了，快被那不晓得放了多少天的筒子骨臭晕了！！算我倒霉！！也就30块钱，算我倒霉！！
1,吃完拉肚子，其他的不多说
1,真的无语了，素米线没有了也就算了，盒子都变小了，以前就觉得汤还挺好喝的，今天送来糊都糊了，最恶心的是还翻到个蚊子
1,点了几次了，但这份田螺实在不敢吃。因为前几天才出了福寿螺的新闻，卖福寿螺这在外地是可以举报的。重庆不知道可不可以，田螺不是这个样子，这就是福寿螺，没炒熟的话吃了是会被感染的啊大哥。不知道福寿螺的可以去百度一下，还有分辨田螺和福寿螺的图片。还有你们送来的时候，我一直在说小声点，大半夜家里人都睡了，特别大的声音敲门和说话。。真的无语。
1,我日嘛啥子几把情况嘛，又不是第一次点了，吃除了一个蚊子大的哪种，还有一个小虫子，还有一根成头发，媳妇直接吃欧了，搞麻批搞
1,我要是再来这家店我就是傻逼！！！菜和肉只有一点不说，还是臭的。好评都是刷出来的吧！商家要有点良心，纯粹垃圾，实话实说而已。
1,味道还可以，分量也多足。但是作为资深的小龙虾专业户，我想说你们勒个虾子不是死虾都是放了一到两天的虾子老，虾肉又老又硬，反复加热导致虾子壳壳只有嫩个难拨老。不是新鲜的虾我全部捞出来了，老板你也真的是太没得职业道德了，新鲜虾子少得可怜。另外，不要拿同行污蔑勒些言子来解释老，我确实不是同行！
1,土豆丝太难吃，还有虫子在里面。
1,狠不满意，味太差，还吃到头发，投诉
1,百分之百有死虾，而且还有臭味，老板开门做生意不是这么做的吧！从来没给任何一个商家差评，你算第一个
1,蔬菜已经过期，吃完就拉肚子了
1,米线一股酸臭味，牛肉也是。真是一口也没吃。打开盖子就闻到了。
1,本来很喜欢吃，但是我吃到一根头发，呵呵
1,居然.有吃到苍蝇。#鱼香肉丝套餐#
1,买的筒子骨都是臭的  真的臭的遭不住 买的绿豆送来的豆芽  补送的现在都还没送来 害我还要走其它店去买筒子骨 钱都这么浪费了
1,菜不新鲜，肉是臭的。骗人我****。
1,到现在还在拉肚子，，，
1,吃了西瓜拉肚子坏的也拿来卖
1,吃了肚子疼 拉肚子 唉
1,食物全馊了，好恶心的商家
1,配送挺快的，但是饭里吃到钢丝，还好看到了，也恶心到了。给老板发了图片也没回我。
1,其实我们经常来，一般聚会请客都来这里吃，每个月都会来几次的。这次家里人吃就团了一个结果遇到下大雨到处都是飞虫，后来给我们换了一桌重新换了一个锅底。虽然很不开心，影响吃东西的心情，一开始我故意要求按团购的菜重新上，不是为了贪小便宜，而是过来解决这个人的态度让我觉得不爽。毕竟是你们做生意不是第一年了，这样的情况还没得处理肯定也是服务不完善，过来处理事情的人那口气好像与她无关似的。不过最后过来解决的人态度还行，就原谅了，毕竟做生意也不容易。
1,稀饭是冷的，抄手里有虫，卤鸡蛋外皮硬的嚼不动，至于饺子，已经不想打开了。
1,土豆都馊了，夏天尤其应该注意的嘛，差评差评
1,第一次没看评价点了这家，因为图片和价位还蛮吸引人的，吃完没事干给你们来个具体的建议，是真的不好吃！！首先1.包装纸盒，一股l浓烈的酸臭味，这可是餐饮密封装呀，能不用了吗？2.港式套餐除了奥尔良其他的被外卖员路上吃了吗？3.米饭夹生味道真的不好&nbsp;吃&nbsp;ps:&nbsp;好后悔没有认真看评价
1,吃到了小蚊子，昨天室友也吃到了小蚊子，有图为证
1,这个鱿鱼根本没办法吃，像水泡的一样，看起很恶心，这就是鲜虾堡，里面的夹的菜不是一般的黑，还有，骑手态度差还骂人，找不到地方还说什么我又没住这我怎么找得到，吃个外卖气都吃饱了。
1,我都吃了那么多次你们家。竟然拿这种长虫的材料给我做粥！刚开始飘面上一只以为自己家的 结果越吃越多 才知道粥有问题   以后不敢点了。接近30一碗粥 卫生都保证不了也是够了
1,超级难吃，土豆是炸的，又来煮，一点都不新鲜，菜种类很少，感觉食材不新鲜。
1,给差评是因为不卫生 吃起来地沟油的感觉太强烈了.... 果不其然第二天拉肚子 
1,鸡块居然没熟…………不好吃全扔了#黄金鸡块#
1,肉是臭的，今天好难吃
1,东西还送少了一样！...太差了！服务差，东西差，快递差，难吃死了，一股恶臭、丢了丢了.....
1,这个一吃就晓得是隔夜菜的味道，盐煎肉也是肥得明目张胆，白菜和藕都是生的，是给人吃的吗，我去
1,一打开就是一个蚊子…无语
1,吃出一只苍蝇的时候我想算了吧，继续吃吧。我一共吃出2只。。。补蛋白质也不应这样吧
1,什么东西，送外面的态度极差，什么鸡肉卷里还有头发，搞的我胃口都没有了，我是再也不会在这家店吃东西了，垃圾
1,我不知道说什么好，包装袋一打开居然有股蟑螂味，这怎么吃
1,怎么不可以上图 这么大个虫吃到最后才发现 你是要毒死我嘛 做餐饮重要就是干净卫生。看来以后再也不敢吃你家的了。现在看到就想吐 不知吃了多少虫进去了
1,饭是臭的，简直了
1,猪蹄是臭的 再也不会买
1,#空心菜# 不知道昨天是不是这个空心菜的原因，害得我早上有呕吐现象，还拉肚子。很不卫生，宽粉也没煮的散
1,鱼是臭的，申请退款
1,这次吃的质量不太好，吃了拉肚子！
1,差评，我说了两遍加热，是希望你送来的时候还是热的，而你送来的是温的，大冬天的，这么油腻的菜，你不怕别人吃了拉肚子，害我不得不去加热一下。味精味同样很重
1,我点的五花肉，一点盐都没有，而且肉是臭的
1,不好吃 没有蒜香味 虾子不新鲜 是冰冻虾 哎 
1,吃了就拉肚子，无语
1,猕猴桃都变质了 很软了居然给我？开始没注意 吃的时候有很大的酒味 今天又吃的时候也是很大的酒味 以前在超市买的都没有 呵呵百度一查结果是变质了 吃了对人体特别不好 你们这个店也好意思拿出来卖？？？出门路过你家的店也不会再进来买水果了 没得良心 我还是个孕妇 呵呵 确实可以的 
1,鸭肠是坏的 拉了一晚上！
1,想吐，银耳汤杯盖上面有一颗老鼠屎，而且还黏在上面了
1,#只只酸奶牛#酸奶臭了。馊的
1,最最糟糕的一次外卖，没有更糟糕！！！食品全部是死的，估计明天要拉肚子，不知道冻了多久，反正再也不会点他家的了，老板，做食品生意，食材真的很重要，不要自己把自己做挎掉！#蒜蓉生蚝##蒜蓉大元贝5赠1##香辣小龙虾#
1,#尖椒兔套饭#肉都是臭的！
1,分量很小 卖得偏贵 感觉东西不卫生 第二天拉肚子了吃了
1,里脊肉吃起有股味道，应该不是新鲜的吧！我们没去店里买就是相信他们店里的食材都是新鲜的 以为我们是网上买的就可以欺骗消费者？？？藕片也是放了很久的吧？和以往相比  食材越来越不新鲜 吃了这些会拉肚子的！不要一味的为了钱 就这样对待消费者！！
1,首先青椒没炒熟，其次，肉量很少，并且不像炒的，而像是煮的，一份小炒肉全是生的青椒，怎么吃啊
1,第一次有点失望，荤的有臭味
1,有虫子，好恶心，清洁卫生怎么回事，太不地道了呀，工商局管不管这事，商家看到请联系我，很气愤
1,都馊了还拿出来卖，不是缺德么
1,味道差的要死，几块鸡，没香味，吃了还拉肚子，不会再买了
1,联系卖家时，知道汤都臭了还送。吃过这么多外卖没吃过这么糟糕的。炒饭炒粉都有股臭味。不敢吃，都扔了。也不是正宗的沙县。各位食客请慎重订餐。用美团这么久，就算点的饭菜不合口味都给好评，但是饭菜臭的不能忍。第一次差评。
1,吃到个蟑螂…好恶心
1,牛肉都扔了肉都是臭的里面菜也没有再也不会点这家
1,没人接配送也不说一声，打了n个电话给商家都没人接，等了一个半小时，我真是呵呵了……送来的粥里面有蚊虫，包子里面还有锡箔纸，该怎么吃！很少差评！第一次都给你了！
1,吃出只苍蝇是怎样
1,还没有吃就看到，饭表面就有个虫，怎么吃啊！
1,特别不卫生千万不要吃了，点了#秘制烤翅（2块）#鸡腿糊了也没怎么在意，妹妹说糊得咬不动我就让她扔了，还点了一只#蜜汁手扒鸡#送来了，我打开给我妹妹吃，打开了就感觉味道怪怪的，扒了一只鸡腿臭味就散发出来了，点了那么多次还是第一次遇到这种情况！
1,一个人尝了一口确认它是真的臭了，其他的东西也是难吃的一逼，难吃就算了，能理解，竟然卖变质的东西，真的不能忍
1,鸡腿生的会拉肚子的
1,牛奶送过来都臭了我去，有点过分了
1,完全不新鲜，千万别去吃。有苍蝇，有头发，啥都有
1,草莓和石头似的且发苦！西瓜变质了！桔子都是酸苦！这种水果也卖？我也是醉了！无良商家！
1,粥都馊了，点的鲜肉包送的酱肉包，搞什么
1,无语了，吃了一半。蟑螂腿
1,不不摆了，吃了肚子好疼，我和老公都拉肚子，估计是那个油是潲水油，以后不吃外卖了，太脏了……
1,吃了拉肚子，太坑了。
1,竟然还能吃出虫子……真的怀疑是饭店卫生过关吗……建议大家不要去这家吃……卫生真的差
1,米线泡容了我本来就不高兴了，居然还有个虫，早知到还是该点饭
1,卫生条件不好，有虫子，
1,饭里面还有米虫，有虫就算了嘛，能不能把虫选干净，眼不见心不烦！确实是羊肉汤已经和我在别家吃的不一样！
1,我只能给菜品差评了，没办法，我点的藕片去哪里了？雪花肉去哪里了？肥肠还有个味道，菜品也不新鲜，什么鬼？都没怎么吃，扔掉了，我只能说没有下次了……
1,水果过期了，吃了拉肚子
1,味道完全没有香辣味，全是酱油味，而且蟹很不新鲜，一股腥味。吃过最难吃的蟹
1,十三只就这么点，龙虾小的基本没肉，没刷干净，虾线没挑，里面是黑的，有异味，虾头也没剪！从没吃到过这么差的龙虾，这个价格太不值了！！绝不会点第二次
1,我没吃过这么难吃的饺子 肉不晓得是什么过期肉 饺子不知道包了好久 一股馊味 建议大家谨慎点餐 还不如速冻饺子干净卫生
1,饭是馊的！饭是馊的！饭是馊的！饭是馊的！饭是馊的！都不敢吃！同事闻一下都差点吐出来了！！！
1,我的天  鸡肉卷里面居然有一只蟑螂  太恶心了吧   
1,吃到一个蟑螂腿是什么意思  完全没食欲了
1,原来总是侥幸心理，点了四次了。该来的还是来了，吃了两个虫，还是小蟑螂，恶心，不会爱了。而且迟到了半小时
1,吃了这个外卖肚子和胃疼了第四天啦，简直不想说啦，还一直在吃药，医生说是急性胃肠炎，吃了不干净的东西啦，正好那天我吃了这个，我朋友没吃然后我就生病啦，她就没事，其余的吃的我们都是吃的一样的
1,豆腐都碎了，包装都是油
1,不要说货比三家比了四五家也就你家的最差差也就算了菜还有味吃了拉了几天的肚子希望大家买外卖的话都不要买这家店的东西又少又有味吃了还拉肚子买了你会后悔
1,有个馊味儿 直接丢了
1,这是我见过最SB的商家、我备注里都还在说每次送来都不冰了！结果给我送的常温！味道也不对、感觉发臭的味道！6杯都没有喝、全扔了！以后要买也去西城或者其他店、食品安全不可小窥！
1,这个火锅有点辣但是吃了第二天不会拉肚子 味道还是很好的 那天去的时候记得没有藤藤菜了 有点遗憾
1,昨天点的，本来是不想来评论的，昨天吃的时候他那个鸡腿一股子怪味，我没想到的是今天一天肚子都痛，去看了医生医生说我可能是吃变质的食物或者不干净的食物，导致食物中毒！！！希望大家看了我这个评论后悠着点点！
1,已是老顾客了，还推荐给朋友了！可这次的用餐体验却很糟糕！收到的时候袋子全是油，筷子也不能用了！一份鱼香肉丝葱占了三分之一，最糟糕的是，都快吃完了，在米饭里发现了一根头发，我的心情啊……希望商家能注意点卫生，所定的价格也要对得起产品才好！
1,难吃死了，饭是冷饭，手撕肉里还有虫，凉面是硬的
1,我把可乐喝完了，打开盖子一看里面有个虫，我真的想吐
1,吃了都拉肚子了七个人
1,饭有点馊了
1,打开饭盒都能闻到鸡肉臭了不新鲜的味道 反正鸡肉一口没吃 饭吃了一口 贼难吃 就把沙拉吃完了 不会再点了 包装再好有什么用
1,不好吃，男人吃了拉肚子，还好我没吃
1,昨天打开就一股腥味！果不其然、今天两口儿拉肚子拉了一天！我操
1,巨难吃 有一股怪味 老肉片有一股腥臭味 放的菜相当不满意 可能是我吃过最难吃的冒菜了 难以下咽 给5颗星给外卖小哥 外卖小哥很好
1,太恶心了，叫的南瓜里面有几十条虫，害得我吃饭的心情都没有了！现在想象都恶心！真心想吐，以后再也不敢吃南瓜的，心理有阴影了！特别是碗底一排一排全是虫！今天一天都不想吃饭了！打电话给商家，来了看了居然说只退南瓜钱！本来都已经心里很不舒服了！恶心至极点！虽然后面把钱全部退了！但这态度，这食品的卫生， 这心里的阴影！恶心，再也不敢吃这家了！
1,吃了拉肚子，应该是粥的问题
1,这是吃过最难吃的烧烤，没有之一，有实物为证！这中翅，支离破碎！藕感觉酸了！蒜泥茄子，蒜泥生的，东西还晚点二十分钟！说实话，近一百块钱，没怎么吃全扔了！关键今天还拉肚子了！哎…老板下次能不能用些心
1,基本全是油，地沟油不要钱说
1,面上这么大的蚊虫，也是醉了
1,吃完了，发现一只苍蝇，整个人都不好了
1,龙虾饭吃了一个小时就开始拉肚子，气愤！
1,饭团一股馊味，醉了
1,吃到一半突然发现里面居然有只小强
1,小龙虾非常不新鲜……圣子太咸了……无话可说，坐等明天拉肚子
1,我和同事吃完都拉肚子，而且一下午肚子都不舒服
1,虾有异味，骨肉相连完全是臭的，差点吃吐了，天气热就不注重质量了么。
1,差评！！第一次喊个外卖，第一次差评！一锅鸡里面居然吃出二次长头发，再也不想叫外卖了，品质让人堪忧。
1,今天的太辣了，吃了拉肚子
1,#农家小炒饭#肉是臭的
1,太恶心了，快吃完了，吃到个虫
1,菜不新鲜 要的是微辣 鹌鹑蛋都不新鲜 特别是里面有块血旺都是臭的唯独一块不知道是不是别人剩的我直接丢了 不想吃了 太坑人了 
1,个人觉得很难吃   一点味道没做   汉堡里面放的菜叶都是烂菜叶   你们良心不会痛吗？  很少给差评的   这次真的是很不满意    鸡翅也是馊的   奉劝各位还是换家店吧
1,鸡丁都是馊的，有味，难以下口
1,我不知道老板怎么想的&nbsp;&nbsp;饭都是馊的&nbsp;&nbsp;送过来很大一股味&nbsp;&nbsp;最后根本沒心情吃&nbsp;&nbsp;&nbsp;&nbsp;真的很气&nbsp;&nbsp;
1,太油了，饭有点馊了，凉皮还不错
1,我只能说你只能骗我一次，梨子我不知道你用的什么梨子  我只能告诉你 我吃到其他异味  另外梨子就像泡沫  没水份 放很久了吧？拼盘就不说了  渣   卖水果卖成你这样  你也成功了，所有水果我只吃一下  全扔！
1,这家冒菜确实难吃。 盐巴像打倒了一样 把我咸安逸了。这都算了嘛 关键是菜不晓得放了好多天的了有个淡淡酸臭味 我真的 。那个无骨凤爪 全是骨头。  确实遭上当了。            PS：劝上班的朋友些 和喜欢点外面的朋友些莫要点这家。兄弟伙的真心评价。店主也不用打电话来骚扰我  这个是消费者的权益。这个送快餐的小哥人还不错 我不能乱点差评
1,我真的是醉了，这样的炒菜竟然卖得出去，比我都炒得难吃，最垃圾的一次外卖，烧个汤里面居然还有一个虫，看到都恶心。
1,比以前订的虾差得太远太远了，总共二十来个虾，烂虾、死虾多，接近一半差虾钳，更甚者还有几个虾头里面都绿了的！最恐怖的是还有变异的。太难受的一次小龙虾经历，砸渝派的招牌！
1,虾子有点怪味，估计食材不新鲜！
1,必须差评 奇异果切片蛋糕打开直接是馊的！临期食品！什么鬼！所以华生园就是这样做生意的吗？差评差评差评！
1,有苍蝇。。。。。。对于一个才学了节肢动物的人来说  真的是人都不好了
1,#酥肉#不新鲜，有异味
1,龙虾做法不卫生，头都没去掉，真没见过谁这样做过，别人都去掉头的，第一次买，最后两张是别人家的做法
1,从干炒牛河里面吃出一根很长的刷碗的钢丝球，顿时什么心情都没有了。简直崩溃。
1,鸡块的肉是臭的，鸡翅上一根很长的鸡毛。服了，再也不点了
1,太失望了 味道不行 虾点都不新鲜  差评
1,好难吃啊！感觉菜品烤出来是馊的。
1,虾是臭的  调料也不知道是什么鬼 拿个塑料袋装起  
1,鸡杂里面吃出来好多跟头发
1,赠送的脆骨串是臭的，可乐没吸管
1,一打开盒子一条虫！本来就送晚了，还来个这种，无语了！
1,有钢丝球卫生差得很
1,螺丝没有 鱿鱼也是臭的 把一整盒的味道也搞变了  做生意诚信重要 一般都不给差评的 确实忍不到了 
1,#脆皮手枪腿#臭的
1,难吃死了，里边还有一根不明毛发，瞬间呕吐
1,#蚂蚁上树#既然是有馊的6666
1,鸡肉好像有点臭了，好难吃呀，再也不点这家了！包装这些可以接受，就是大夏天不能买臭肉给顾客呀
1,刚刚点的牛肉有臭了的。很明显商家是吧部分坏掉的牛肉煮在里面，真的是太过分了
1,不卫生 ，吃到后面有只苍蝇苍蝇苍蝇，恶心死了
1,菜品质量差 。。拉肚子一晚上
1,买的招牌藕 我是在网上点了买给男朋友吃的 结果男朋友告诉我他收到东西时藕就是坏了的 一股馊了的味道 拿坏东西出来买 还要不要良心 吃了拉肚子怎么办 你付的起这个责任吗？差评差评差评
1,饭太硬，吃起像在吃塑料一样，简直不敢吃！菜太咸没吃完
1,这是我吃过最差的外卖没有之一&nbsp;&nbsp;吃完了没一个小时就拉肚子&nbsp;我就呵呵哒了&nbsp;搞得我现在都虚脱了
1,太不小心，还有虫子
1,饭闻着都是馊的  哪里敢吃  
1,#蒜香猪蹄##麻辣猪蹄#本来吃了一个之后觉得味道还可以，结果第二个发现有只死苍蝇…我顿时想吐
1,我不想说肉是臭的#干锅类（小份）#
1,三个人吃了集体拉肚子
1,肉都有臭味了………………真的无语
1,给的筷子都已经发霉发黑了，拿的时候不能看下么
1,靠，他妈的吃了拉肚子！死羊肉
1,老顾客了，老板查一下记录就知道，所以不是恶意评论，吃了那么多次，今天第一次吃到虫子，真的很反胃，彻底没食欲了，是不是该给个说法，卫生问题真的堪忧
1,米饭味道可以 但是里面吃到两个大蚊子，另外包子也没有。
1,做的卫生吗？我朋友喝了一个头晕一个肚子疼，再也不来这家了，搞毛线啊
1,贼难吃  从来没吃过这么难吃的  油像地沟油  鱿鱼都不新鲜  想吃死人嘛？
1,鱼不好吃，肯定是百分之百的是死鱼
1,吃了拉肚子，真的，点的有点多分了两次吃。吃了就拉，因为这两天我没进食其他的食物，但味道好，里面是不是有泻药？不敢点了，可能是毛肚的问题，因为吃起来是苦的
1,#酸豇豆肉沫煲仔饭#里面发现15厘米左右的头发和一截钢丝球。还能有什么胃口吃下去？
1,头发很多，挑出了三团饭里面有头发，不可以传照片，要是能传的话我就把照片传上去了
1,打开盒子菜是。菜上面就有一根头发晕
1,在他们家吃了还是蛮多次了！这次真的太失望了，以后不会再买！老公想吃粉蒸肉，点了一份！有点酸臭的味道！但是不确定，老公一吃居然是馊的！都变味了！难道就因为是外卖！所以不顾自家招牌？
1,夫妻肺片里面吃到一个蟑螂……  没得话说的了以后不会点了
1,不好吃，肉不新鲜，米饭也坏了
1,吃了拉肚子，差评
1,米饭里面有塑料带
1,真的很无语 等了半天不说 结果一打开里面还有苍蝇在上面 真心难吃 鸡蛋也是坏的 
1,土豆丝是馊的，菜的分量很少
1,你们家点了很多次了，以前筷子少了南瓜烂成粥逗不说了，这次直接吃出蟑螂壳壳，还说下次补我一份，补我一份未必是叫我找个整的出来？还怪外卖有问题，把自己弄称抖再说嘛！
1,怎么今天第一次点这个砂锅冒菜，吃这都是馊的？？跟坏了一样？？
1,#酱肉汤包##鲜肉汤包#这两个汤包绝对是剩的吧，吃在嘴里全是怪味，闻了一下都臭了，变质了，还拿来卖？
1,吃了以后拉了三天肚子了，在医院治疗肠胃炎输水花了800多，肚子疼死了，晚上都睡不好，吃什么吐什么，再也不点这家了，如果可以，希望以后少点外卖！就当给自己一个教训吧，唉
1,太**难吃了 臭味  醋也没有到 买了看了一眼没有胃口 直接甩了 草
1,难吃 不卫生 居然是臭的，我也是醉了撒，吃吐了，不晓得是那样食材，一直发臭，别告诉我是腥味，腥味和臭味我还是能够分清楚！下次在也不来了，
1,分量少  还有虫  送得也慢
1,黑黑的苍蝇，招牌鸭食管#招牌鸭食管#里面的，刚买的时候没吃完，放了一天，刚才吃完了看见的，真的扎心了老铁，那感觉就像你喝了一碗稀饭，最后看见两颗耗子*，真心不敢再来买了，吓人
1,老板也太黑心了撒，平菇肉丝套饭，肉和菜都是臭的，吃了一口直接甩了！从来没写过评价，第一次遇到这种，这样做生意你不关门才怪！太恶心了！
1,我想说你不送我小菜就不送，给我送个馊的是什么意思？我从来点外面没有碰到过你们这种商家，把馊的弄来给我们，饭一打开，味道简直是十里飘香……艹。  什么东西都是剩的那种感觉。#台湾1号卤肉饭便当##〈双拼〉奥尔良鸡排十牛肉饼#
1,平常很少拍照评价，但是今天这个虫子确实多，看样子应该是米线虫吧……老板真的要注意卫生吖
1,食材不新鲜，特别是虾，吃了两个人都肚子疼，一个人只冒冷汗，拉肚子。做生意要良心经营，以前还是你们店里的常客，这一弄，谁还敢去，差评！
1,平时吃烧烤都不会出现肚子痛拉肚子的情况，昨天和老公吃后 双双拉肚子 还出现肚子绞痛情况，老公还伴有作呕的症状，严重怀疑这次菜品有问题
1,一根很长很长的头发，麻烦可不可以注意卫生一点，真是服了，买了那么多次……
1,吃了那么多次 今天的土豆居然是馊的！
1,真的很少差评，确实太不愉快了。首先味道还是要肯定的，不好的就是时间太赶了鸡咬都咬不动芋儿还有些生的吃了嘴巴都是麻麻的感觉，也不怕我们吃了拉肚子，望商家改进
1,味道还是不错的，可是吃到一根菜虫，瞬间没胃口了
1,真的很难吃，你这个东西也真的好意思来做外卖，我吃了拉肚子！
1,我不晓得为撒子你们的这个饭可以卖到接近20块钱一份，连个盒饭都比不上，真的超级难吃，饭硬不说，菜也超级难吃，吃在嘴里都感觉像馊了的一样，真的无语，吃一口直接甩了。老板长点心嘛！
1,超级无敌难吃，鱼是臭的，基本外卖没给过差评，这个确实商家做的太没良心了，劝大家慎重选择。
1,太难吃了，啥子鬼汤，一整个鸡蛋烧在里面。汤也有虫
1,没洗干净，虾肉也不好
1,不知道是牛肉还是咖喱变质 吃了第二天拉水
1,吃了拉肚子，肚子很痛，还感冒了
1,水果很不新鲜，像坏了一样！千层做得不好！
1,太难吃了 郡花都是臭的 不新鲜 还没熟
1,今天早上起来看居然就馊了
1,不知道这是什么鬼！配送两个小时才到，因为路程远，我理解就算了！为什么食物里面有虫子在爬！有股酸臭味还有 包装损坏，还好意思拿给我吗？我真的很少给差评，我也很少吃到如此高蛋白的沙拉！如果一切都不方便烦请商家就不要接单！！！这是对你们招牌名声最好的保留，唉，无以名状…
1,2个人吃的，都拉肚子，昨晚，今天都是，现在都还不舒服，一个人估计有问题，两个都不舒服，哎
1,吃出了苍蝇，好肥的一只，以后再也不吃了。恶心。
1,配送慢不说 一打开盒子绿豆汤里面有只虫 瞬间没食欲
1,里面吃到两只蚊子，当时没想评论的，但是又不想忍了
1,前两天点过几次，今天这次快吃完了的时候发现汤泡饭最下面有只死苍蝇，都泡软了，我想到我之前喝了好多汤，然后把我今天下午和晚上吃的全都吐出来了！
1,不太干净啊，吃完后到现在一直拉肚子，太难受了，一晚上没睡觉，希望可以改进
1,味道不好吃食材也不新鲜，而且点的根本就没有烤齐，年糕的影子都没看到
1,已经连吃两次拉肚子了，不新鲜，非常脏
1,晚了十五分钟，还吃到触角很长的虫子，实在恶心。
1,之前吃过很多次都觉得可以，今天吃的鸡杂肠子绝对没洗干净，吃了后嘴巴很久都还臭腥味，一直拉肚子，希望卖家重视
1,乌鸡汤里面吃出来的钢丝球 ！ 真的是加餐了 吓到我都不敢继续吃下去了 
1,完美，你家东西只有完美来形容，还附赠昆虫野味，完美到我再吃你家东西是SB
1,吃了就开始拉肚子。今天已经是第三天了。
1,饭里面还有苍蝇丶太慢了
1,鸭头都不切开，鸭脖有异味，鸭脚干而无味
1,今天的饭菜怎么感觉是臭的？！跟前面点的根本不是一个味！！后面我想了一下、我10点40下的单，10点55就送到了，是微波炉打热了送上来的吗？！都是老客户了，以后不会再点！！！